{"cameraMode":{"drawMode":0,"name":"Shaded","section":"Shading Mode"},"sceneLighting":true,"audioPlay":false,"sceneViewState":{"showFog":true,"showMaterialUpdate":false,"showSkybox":true,"showFlares":true,"showImageEffects":true,"showParticleSystems":true,"showVisualEffectGraphs":true,"m_FxEnabled":true},"in2DMode":false,"pivot":{"x":5.888121604919434,"y":-0.032995473593473437,"z":-1.5998845100402833},"rotation":{"x":-0.21246832609176637,"y":-0.6371387839317322,"z":0.18895672261714936,"w":-0.7164069414138794},"size":9.979750633239746,"orthographic":false}