{"cameraMode":{"drawMode":0,"name":"Shaded","section":"Shading Mode"},"sceneLighting":true,"audioPlay":false,"sceneViewState":{"showFog":true,"showMaterialUpdate":false,"showSkybox":true,"showFlares":true,"showImageEffects":true,"showParticleSystems":true,"showVisualEffectGraphs":true,"m_FxEnabled":true},"in2DMode":false,"pivot":{"x":417.78204345703127,"y":180.33712768554688,"z":34.83012771606445},"rotation":{"x":0.0011901295511052013,"y":-0.0039011440239846708,"z":-0.000006160642897157231,"w":-1.0000083446502686},"size":208.20059204101563,"orthographic":false}